step,train_loss,train_accuracy,valid_loss,valid_mean_token_accuracy,model_id,base_model,seed,hyperparameters
1,0.98344,0.86957,,,ft:gpt-3.5-turbo-0125:personal:pubmed-ft1:9DEzhV1U,gpt-3.5-turbo-0125,1082501239,"Hyperparameters(n_epochs=3, batch_size=1, learning_rate_multiplier=8)"
2,0.6366,0.90476,,,ft:gpt-3.5-turbo-0125:personal:pubmed-ft1:9DEzhV1U,gpt-3.5-turbo-0125,1082501239,"Hyperparameters(n_epochs=3, batch_size=1, learning_rate_multiplier=8)"
3,0.98653,0.8,,,ft:gpt-3.5-turbo-0125:personal:pubmed-ft1:9DEzhV1U,gpt-3.5-turbo-0125,1082501239,"Hyperparameters(n_epochs=3, batch_size=1, learning_rate_multiplier=8)"
4,0.29936,0.90909,,,ft:gpt-3.5-turbo-0125:personal:pubmed-ft1:9DEzhV1U,gpt-3.5-turbo-0125,1082501239,"Hyperparameters(n_epochs=3, batch_size=1, learning_rate_multiplier=8)"
5,0.13742,0.94286,,,ft:gpt-3.5-turbo-0125:personal:pubmed-ft1:9DEzhV1U,gpt-3.5-turbo-0125,1082501239,"Hyperparameters(n_epochs=3, batch_size=1, learning_rate_multiplier=8)"
6,0.13349,0.95,,,ft:gpt-3.5-turbo-0125:personal:pubmed-ft1:9DEzhV1U,gpt-3.5-turbo-0125,1082501239,"Hyperparameters(n_epochs=3, batch_size=1, learning_rate_multiplier=8)"
7,0.06039,0.97143,,,ft:gpt-3.5-turbo-0125:personal:pubmed-ft1:9DEzhV1U,gpt-3.5-turbo-0125,1082501239,"Hyperparameters(n_epochs=3, batch_size=1, learning_rate_multiplier=8)"
8,0.28834,0.93301,,,ft:gpt-3.5-turbo-0125:personal:pubmed-ft1:9DEzhV1U,gpt-3.5-turbo-0125,1082501239,"Hyperparameters(n_epochs=3, batch_size=1, learning_rate_multiplier=8)"
9,0.09661,0.97143,,,ft:gpt-3.5-turbo-0125:personal:pubmed-ft1:9DEzhV1U,gpt-3.5-turbo-0125,1082501239,"Hyperparameters(n_epochs=3, batch_size=1, learning_rate_multiplier=8)"
10,0.14821,0.93976,0.29864,0.92632,ft:gpt-3.5-turbo-0125:personal:pubmed-ft1:9DEzhV1U,gpt-3.5-turbo-0125,1082501239,"Hyperparameters(n_epochs=3, batch_size=1, learning_rate_multiplier=8)"
11,0.0579,0.98492,,,ft:gpt-3.5-turbo-0125:personal:pubmed-ft1:9DEzhV1U,gpt-3.5-turbo-0125,1082501239,"Hyperparameters(n_epochs=3, batch_size=1, learning_rate_multiplier=8)"
12,0.0825,0.95556,,,ft:gpt-3.5-turbo-0125:personal:pubmed-ft1:9DEzhV1U,gpt-3.5-turbo-0125,1082501239,"Hyperparameters(n_epochs=3, batch_size=1, learning_rate_multiplier=8)"
13,0.29301,0.94815,,,ft:gpt-3.5-turbo-0125:personal:pubmed-ft1:9DEzhV1U,gpt-3.5-turbo-0125,1082501239,"Hyperparameters(n_epochs=3, batch_size=1, learning_rate_multiplier=8)"
14,0.11514,0.96471,,,ft:gpt-3.5-turbo-0125:personal:pubmed-ft1:9DEzhV1U,gpt-3.5-turbo-0125,1082501239,"Hyperparameters(n_epochs=3, batch_size=1, learning_rate_multiplier=8)"
15,0.28083,0.93103,,,ft:gpt-3.5-turbo-0125:personal:pubmed-ft1:9DEzhV1U,gpt-3.5-turbo-0125,1082501239,"Hyperparameters(n_epochs=3, batch_size=1, learning_rate_multiplier=8)"
16,0.06719,0.96,,,ft:gpt-3.5-turbo-0125:personal:pubmed-ft1:9DEzhV1U,gpt-3.5-turbo-0125,1082501239,"Hyperparameters(n_epochs=3, batch_size=1, learning_rate_multiplier=8)"
17,0.12829,0.95699,,,ft:gpt-3.5-turbo-0125:personal:pubmed-ft1:9DEzhV1U,gpt-3.5-turbo-0125,1082501239,"Hyperparameters(n_epochs=3, batch_size=1, learning_rate_multiplier=8)"
18,0.01164,1.0,,,ft:gpt-3.5-turbo-0125:personal:pubmed-ft1:9DEzhV1U,gpt-3.5-turbo-0125,1082501239,"Hyperparameters(n_epochs=3, batch_size=1, learning_rate_multiplier=8)"
19,0.01838,0.99281,,,ft:gpt-3.5-turbo-0125:personal:pubmed-ft1:9DEzhV1U,gpt-3.5-turbo-0125,1082501239,"Hyperparameters(n_epochs=3, batch_size=1, learning_rate_multiplier=8)"
20,0.15401,0.97143,0.02946,1.0,ft:gpt-3.5-turbo-0125:personal:pubmed-ft1:9DEzhV1U,gpt-3.5-turbo-0125,1082501239,"Hyperparameters(n_epochs=3, batch_size=1, learning_rate_multiplier=8)"
21,0.01963,1.0,,,ft:gpt-3.5-turbo-0125:personal:pubmed-ft1:9DEzhV1U,gpt-3.5-turbo-0125,1082501239,"Hyperparameters(n_epochs=3, batch_size=1, learning_rate_multiplier=8)"
22,0.43447,0.92453,,,ft:gpt-3.5-turbo-0125:personal:pubmed-ft1:9DEzhV1U,gpt-3.5-turbo-0125,1082501239,"Hyperparameters(n_epochs=3, batch_size=1, learning_rate_multiplier=8)"
23,0.09069,0.97619,,,ft:gpt-3.5-turbo-0125:personal:pubmed-ft1:9DEzhV1U,gpt-3.5-turbo-0125,1082501239,"Hyperparameters(n_epochs=3, batch_size=1, learning_rate_multiplier=8)"
24,0.21626,0.94444,,,ft:gpt-3.5-turbo-0125:personal:pubmed-ft1:9DEzhV1U,gpt-3.5-turbo-0125,1082501239,"Hyperparameters(n_epochs=3, batch_size=1, learning_rate_multiplier=8)"
25,0.29321,0.94872,,,ft:gpt-3.5-turbo-0125:personal:pubmed-ft1:9DEzhV1U,gpt-3.5-turbo-0125,1082501239,"Hyperparameters(n_epochs=3, batch_size=1, learning_rate_multiplier=8)"
26,0.27364,0.89773,,,ft:gpt-3.5-turbo-0125:personal:pubmed-ft1:9DEzhV1U,gpt-3.5-turbo-0125,1082501239,"Hyperparameters(n_epochs=3, batch_size=1, learning_rate_multiplier=8)"
27,0.01468,1.0,,,ft:gpt-3.5-turbo-0125:personal:pubmed-ft1:9DEzhV1U,gpt-3.5-turbo-0125,1082501239,"Hyperparameters(n_epochs=3, batch_size=1, learning_rate_multiplier=8)"
28,0.00437,1.0,,,ft:gpt-3.5-turbo-0125:personal:pubmed-ft1:9DEzhV1U,gpt-3.5-turbo-0125,1082501239,"Hyperparameters(n_epochs=3, batch_size=1, learning_rate_multiplier=8)"
29,0.02809,1.0,,,ft:gpt-3.5-turbo-0125:personal:pubmed-ft1:9DEzhV1U,gpt-3.5-turbo-0125,1082501239,"Hyperparameters(n_epochs=3, batch_size=1, learning_rate_multiplier=8)"
30,0.01677,0.98765,0.19023,0.96815,ft:gpt-3.5-turbo-0125:personal:pubmed-ft1:9DEzhV1U,gpt-3.5-turbo-0125,1082501239,"Hyperparameters(n_epochs=3, batch_size=1, learning_rate_multiplier=8)"
31,0.00015,1.0,,,ft:gpt-3.5-turbo-0125:personal:pubmed-ft1:9DEzhV1U,gpt-3.5-turbo-0125,1082501239,"Hyperparameters(n_epochs=3, batch_size=1, learning_rate_multiplier=8)"
32,0.05105,0.97727,,,ft:gpt-3.5-turbo-0125:personal:pubmed-ft1:9DEzhV1U,gpt-3.5-turbo-0125,1082501239,"Hyperparameters(n_epochs=3, batch_size=1, learning_rate_multiplier=8)"
33,1e-05,1.0,,,ft:gpt-3.5-turbo-0125:personal:pubmed-ft1:9DEzhV1U,gpt-3.5-turbo-0125,1082501239,"Hyperparameters(n_epochs=3, batch_size=1, learning_rate_multiplier=8)"
34,0.0,1.0,,,ft:gpt-3.5-turbo-0125:personal:pubmed-ft1:9DEzhV1U,gpt-3.5-turbo-0125,1082501239,"Hyperparameters(n_epochs=3, batch_size=1, learning_rate_multiplier=8)"
35,0.00153,1.0,,,ft:gpt-3.5-turbo-0125:personal:pubmed-ft1:9DEzhV1U,gpt-3.5-turbo-0125,1082501239,"Hyperparameters(n_epochs=3, batch_size=1, learning_rate_multiplier=8)"
36,0.0018,1.0,,,ft:gpt-3.5-turbo-0125:personal:pubmed-ft1:9DEzhV1U,gpt-3.5-turbo-0125,1082501239,"Hyperparameters(n_epochs=3, batch_size=1, learning_rate_multiplier=8)"
37,0.22146,0.96226,,,ft:gpt-3.5-turbo-0125:personal:pubmed-ft1:9DEzhV1U,gpt-3.5-turbo-0125,1082501239,"Hyperparameters(n_epochs=3, batch_size=1, learning_rate_multiplier=8)"
38,0.77388,0.94314,,,ft:gpt-3.5-turbo-0125:personal:pubmed-ft1:9DEzhV1U,gpt-3.5-turbo-0125,1082501239,"Hyperparameters(n_epochs=3, batch_size=1, learning_rate_multiplier=8)"
39,0.65318,0.93197,,,ft:gpt-3.5-turbo-0125:personal:pubmed-ft1:9DEzhV1U,gpt-3.5-turbo-0125,1082501239,"Hyperparameters(n_epochs=3, batch_size=1, learning_rate_multiplier=8)"
40,7e-05,1.0,0.50135,0.95789,ft:gpt-3.5-turbo-0125:personal:pubmed-ft1:9DEzhV1U,gpt-3.5-turbo-0125,1082501239,"Hyperparameters(n_epochs=3, batch_size=1, learning_rate_multiplier=8)"
41,0.577,0.93529,,,ft:gpt-3.5-turbo-0125:personal:pubmed-ft1:9DEzhV1U,gpt-3.5-turbo-0125,1082501239,"Hyperparameters(n_epochs=3, batch_size=1, learning_rate_multiplier=8)"
42,0.00312,1.0,,,ft:gpt-3.5-turbo-0125:personal:pubmed-ft1:9DEzhV1U,gpt-3.5-turbo-0125,1082501239,"Hyperparameters(n_epochs=3, batch_size=1, learning_rate_multiplier=8)"
43,0.11862,0.97436,,,ft:gpt-3.5-turbo-0125:personal:pubmed-ft1:9DEzhV1U,gpt-3.5-turbo-0125,1082501239,"Hyperparameters(n_epochs=3, batch_size=1, learning_rate_multiplier=8)"
44,0.14795,0.94186,,,ft:gpt-3.5-turbo-0125:personal:pubmed-ft1:9DEzhV1U,gpt-3.5-turbo-0125,1082501239,"Hyperparameters(n_epochs=3, batch_size=1, learning_rate_multiplier=8)"
45,0.02482,0.97727,,,ft:gpt-3.5-turbo-0125:personal:pubmed-ft1:9DEzhV1U,gpt-3.5-turbo-0125,1082501239,"Hyperparameters(n_epochs=3, batch_size=1, learning_rate_multiplier=8)"
46,0.11752,0.97959,,,ft:gpt-3.5-turbo-0125:personal:pubmed-ft1:9DEzhV1U,gpt-3.5-turbo-0125,1082501239,"Hyperparameters(n_epochs=3, batch_size=1, learning_rate_multiplier=8)"
47,7e-05,1.0,,,ft:gpt-3.5-turbo-0125:personal:pubmed-ft1:9DEzhV1U,gpt-3.5-turbo-0125,1082501239,"Hyperparameters(n_epochs=3, batch_size=1, learning_rate_multiplier=8)"
48,0.21352,0.93976,,,ft:gpt-3.5-turbo-0125:personal:pubmed-ft1:9DEzhV1U,gpt-3.5-turbo-0125,1082501239,"Hyperparameters(n_epochs=3, batch_size=1, learning_rate_multiplier=8)"
49,0.10783,0.98246,,,ft:gpt-3.5-turbo-0125:personal:pubmed-ft1:9DEzhV1U,gpt-3.5-turbo-0125,1082501239,"Hyperparameters(n_epochs=3, batch_size=1, learning_rate_multiplier=8)"
50,0.00031,1.0,0.13132,0.97143,ft:gpt-3.5-turbo-0125:personal:pubmed-ft1:9DEzhV1U,gpt-3.5-turbo-0125,1082501239,"Hyperparameters(n_epochs=3, batch_size=1, learning_rate_multiplier=8)"
51,0.00671,1.0,,,ft:gpt-3.5-turbo-0125:personal:pubmed-ft1:9DEzhV1U,gpt-3.5-turbo-0125,1082501239,"Hyperparameters(n_epochs=3, batch_size=1, learning_rate_multiplier=8)"
52,0.55327,0.90769,,,ft:gpt-3.5-turbo-0125:personal:pubmed-ft1:9DEzhV1U,gpt-3.5-turbo-0125,1082501239,"Hyperparameters(n_epochs=3, batch_size=1, learning_rate_multiplier=8)"
53,0.01113,0.99138,,,ft:gpt-3.5-turbo-0125:personal:pubmed-ft1:9DEzhV1U,gpt-3.5-turbo-0125,1082501239,"Hyperparameters(n_epochs=3, batch_size=1, learning_rate_multiplier=8)"
54,0.00977,1.0,,,ft:gpt-3.5-turbo-0125:personal:pubmed-ft1:9DEzhV1U,gpt-3.5-turbo-0125,1082501239,"Hyperparameters(n_epochs=3, batch_size=1, learning_rate_multiplier=8)"
55,0.02094,0.98,,,ft:gpt-3.5-turbo-0125:personal:pubmed-ft1:9DEzhV1U,gpt-3.5-turbo-0125,1082501239,"Hyperparameters(n_epochs=3, batch_size=1, learning_rate_multiplier=8)"
56,0.31587,0.92941,,,ft:gpt-3.5-turbo-0125:personal:pubmed-ft1:9DEzhV1U,gpt-3.5-turbo-0125,1082501239,"Hyperparameters(n_epochs=3, batch_size=1, learning_rate_multiplier=8)"
57,0.01577,0.98851,,,ft:gpt-3.5-turbo-0125:personal:pubmed-ft1:9DEzhV1U,gpt-3.5-turbo-0125,1082501239,"Hyperparameters(n_epochs=3, batch_size=1, learning_rate_multiplier=8)"
58,0.00391,1.0,,,ft:gpt-3.5-turbo-0125:personal:pubmed-ft1:9DEzhV1U,gpt-3.5-turbo-0125,1082501239,"Hyperparameters(n_epochs=3, batch_size=1, learning_rate_multiplier=8)"
59,0.00298,1.0,,,ft:gpt-3.5-turbo-0125:personal:pubmed-ft1:9DEzhV1U,gpt-3.5-turbo-0125,1082501239,"Hyperparameters(n_epochs=3, batch_size=1, learning_rate_multiplier=8)"
60,0.06616,0.97619,0.4673,0.90164,ft:gpt-3.5-turbo-0125:personal:pubmed-ft1:9DEzhV1U,gpt-3.5-turbo-0125,1082501239,"Hyperparameters(n_epochs=3, batch_size=1, learning_rate_multiplier=8)"
61,0.10736,0.95556,,,ft:gpt-3.5-turbo-0125:personal:pubmed-ft1:9DEzhV1U,gpt-3.5-turbo-0125,1082501239,"Hyperparameters(n_epochs=3, batch_size=1, learning_rate_multiplier=8)"
62,0.00126,1.0,,,ft:gpt-3.5-turbo-0125:personal:pubmed-ft1:9DEzhV1U,gpt-3.5-turbo-0125,1082501239,"Hyperparameters(n_epochs=3, batch_size=1, learning_rate_multiplier=8)"
63,0.05757,0.96471,,,ft:gpt-3.5-turbo-0125:personal:pubmed-ft1:9DEzhV1U,gpt-3.5-turbo-0125,1082501239,"Hyperparameters(n_epochs=3, batch_size=1, learning_rate_multiplier=8)"
64,1e-05,1.0,,,ft:gpt-3.5-turbo-0125:personal:pubmed-ft1:9DEzhV1U,gpt-3.5-turbo-0125,1082501239,"Hyperparameters(n_epochs=3, batch_size=1, learning_rate_multiplier=8)"
65,0.00661,1.0,,,ft:gpt-3.5-turbo-0125:personal:pubmed-ft1:9DEzhV1U,gpt-3.5-turbo-0125,1082501239,"Hyperparameters(n_epochs=3, batch_size=1, learning_rate_multiplier=8)"
66,0.01043,0.99138,,,ft:gpt-3.5-turbo-0125:personal:pubmed-ft1:9DEzhV1U,gpt-3.5-turbo-0125,1082501239,"Hyperparameters(n_epochs=3, batch_size=1, learning_rate_multiplier=8)"
67,0.00502,1.0,,,ft:gpt-3.5-turbo-0125:personal:pubmed-ft1:9DEzhV1U,gpt-3.5-turbo-0125,1082501239,"Hyperparameters(n_epochs=3, batch_size=1, learning_rate_multiplier=8)"
68,0.17196,0.97279,,,ft:gpt-3.5-turbo-0125:personal:pubmed-ft1:9DEzhV1U,gpt-3.5-turbo-0125,1082501239,"Hyperparameters(n_epochs=3, batch_size=1, learning_rate_multiplier=8)"
69,0.00016,1.0,,,ft:gpt-3.5-turbo-0125:personal:pubmed-ft1:9DEzhV1U,gpt-3.5-turbo-0125,1082501239,"Hyperparameters(n_epochs=3, batch_size=1, learning_rate_multiplier=8)"
70,0.07903,0.97727,0.1444,0.98039,ft:gpt-3.5-turbo-0125:personal:pubmed-ft1:9DEzhV1U,gpt-3.5-turbo-0125,1082501239,"Hyperparameters(n_epochs=3, batch_size=1, learning_rate_multiplier=8)"
71,0.13872,0.9759,,,ft:gpt-3.5-turbo-0125:personal:pubmed-ft1:9DEzhV1U,gpt-3.5-turbo-0125,1082501239,"Hyperparameters(n_epochs=3, batch_size=1, learning_rate_multiplier=8)"
72,0.0,1.0,,,ft:gpt-3.5-turbo-0125:personal:pubmed-ft1:9DEzhV1U,gpt-3.5-turbo-0125,1082501239,"Hyperparameters(n_epochs=3, batch_size=1, learning_rate_multiplier=8)"
73,0.0,1.0,,,ft:gpt-3.5-turbo-0125:personal:pubmed-ft1:9DEzhV1U,gpt-3.5-turbo-0125,1082501239,"Hyperparameters(n_epochs=3, batch_size=1, learning_rate_multiplier=8)"
74,0.0,1.0,,,ft:gpt-3.5-turbo-0125:personal:pubmed-ft1:9DEzhV1U,gpt-3.5-turbo-0125,1082501239,"Hyperparameters(n_epochs=3, batch_size=1, learning_rate_multiplier=8)"
75,0.10596,0.97849,,,ft:gpt-3.5-turbo-0125:personal:pubmed-ft1:9DEzhV1U,gpt-3.5-turbo-0125,1082501239,"Hyperparameters(n_epochs=3, batch_size=1, learning_rate_multiplier=8)"
76,0.0,1.0,,,ft:gpt-3.5-turbo-0125:personal:pubmed-ft1:9DEzhV1U,gpt-3.5-turbo-0125,1082501239,"Hyperparameters(n_epochs=3, batch_size=1, learning_rate_multiplier=8)"
77,0.56367,0.89231,,,ft:gpt-3.5-turbo-0125:personal:pubmed-ft1:9DEzhV1U,gpt-3.5-turbo-0125,1082501239,"Hyperparameters(n_epochs=3, batch_size=1, learning_rate_multiplier=8)"
78,0.00062,1.0,,,ft:gpt-3.5-turbo-0125:personal:pubmed-ft1:9DEzhV1U,gpt-3.5-turbo-0125,1082501239,"Hyperparameters(n_epochs=3, batch_size=1, learning_rate_multiplier=8)"
79,0.01125,0.98837,,,ft:gpt-3.5-turbo-0125:personal:pubmed-ft1:9DEzhV1U,gpt-3.5-turbo-0125,1082501239,"Hyperparameters(n_epochs=3, batch_size=1, learning_rate_multiplier=8)"
80,0.00035,1.0,0.24976,0.9697,ft:gpt-3.5-turbo-0125:personal:pubmed-ft1:9DEzhV1U,gpt-3.5-turbo-0125,1082501239,"Hyperparameters(n_epochs=3, batch_size=1, learning_rate_multiplier=8)"
81,0.00014,1.0,,,ft:gpt-3.5-turbo-0125:personal:pubmed-ft1:9DEzhV1U,gpt-3.5-turbo-0125,1082501239,"Hyperparameters(n_epochs=3, batch_size=1, learning_rate_multiplier=8)"
82,0.06916,0.98662,,,ft:gpt-3.5-turbo-0125:personal:pubmed-ft1:9DEzhV1U,gpt-3.5-turbo-0125,1082501239,"Hyperparameters(n_epochs=3, batch_size=1, learning_rate_multiplier=8)"
83,0.00051,1.0,,,ft:gpt-3.5-turbo-0125:personal:pubmed-ft1:9DEzhV1U,gpt-3.5-turbo-0125,1082501239,"Hyperparameters(n_epochs=3, batch_size=1, learning_rate_multiplier=8)"
84,0.27026,0.97436,,,ft:gpt-3.5-turbo-0125:personal:pubmed-ft1:9DEzhV1U,gpt-3.5-turbo-0125,1082501239,"Hyperparameters(n_epochs=3, batch_size=1, learning_rate_multiplier=8)"
85,0.0,1.0,,,ft:gpt-3.5-turbo-0125:personal:pubmed-ft1:9DEzhV1U,gpt-3.5-turbo-0125,1082501239,"Hyperparameters(n_epochs=3, batch_size=1, learning_rate_multiplier=8)"
86,0.0,1.0,,,ft:gpt-3.5-turbo-0125:personal:pubmed-ft1:9DEzhV1U,gpt-3.5-turbo-0125,1082501239,"Hyperparameters(n_epochs=3, batch_size=1, learning_rate_multiplier=8)"
87,0.40373,0.95,,,ft:gpt-3.5-turbo-0125:personal:pubmed-ft1:9DEzhV1U,gpt-3.5-turbo-0125,1082501239,"Hyperparameters(n_epochs=3, batch_size=1, learning_rate_multiplier=8)"
88,0.29579,0.96226,,,ft:gpt-3.5-turbo-0125:personal:pubmed-ft1:9DEzhV1U,gpt-3.5-turbo-0125,1082501239,"Hyperparameters(n_epochs=3, batch_size=1, learning_rate_multiplier=8)"
89,0.0,1.0,,,ft:gpt-3.5-turbo-0125:personal:pubmed-ft1:9DEzhV1U,gpt-3.5-turbo-0125,1082501239,"Hyperparameters(n_epochs=3, batch_size=1, learning_rate_multiplier=8)"
90,0.2723,0.96591,0.15812,0.97619,ft:gpt-3.5-turbo-0125:personal:pubmed-ft1:9DEzhV1U,gpt-3.5-turbo-0125,1082501239,"Hyperparameters(n_epochs=3, batch_size=1, learning_rate_multiplier=8)"
91,0.28578,0.94258,,,ft:gpt-3.5-turbo-0125:personal:pubmed-ft1:9DEzhV1U,gpt-3.5-turbo-0125,1082501239,"Hyperparameters(n_epochs=3, batch_size=1, learning_rate_multiplier=8)"
92,0.22615,0.96386,,,ft:gpt-3.5-turbo-0125:personal:pubmed-ft1:9DEzhV1U,gpt-3.5-turbo-0125,1082501239,"Hyperparameters(n_epochs=3, batch_size=1, learning_rate_multiplier=8)"
93,0.25886,0.95294,,,ft:gpt-3.5-turbo-0125:personal:pubmed-ft1:9DEzhV1U,gpt-3.5-turbo-0125,1082501239,"Hyperparameters(n_epochs=3, batch_size=1, learning_rate_multiplier=8)"
94,0.00053,1.0,,,ft:gpt-3.5-turbo-0125:personal:pubmed-ft1:9DEzhV1U,gpt-3.5-turbo-0125,1082501239,"Hyperparameters(n_epochs=3, batch_size=1, learning_rate_multiplier=8)"
95,0.04237,0.97727,,,ft:gpt-3.5-turbo-0125:personal:pubmed-ft1:9DEzhV1U,gpt-3.5-turbo-0125,1082501239,"Hyperparameters(n_epochs=3, batch_size=1, learning_rate_multiplier=8)"
96,0.00348,1.0,,,ft:gpt-3.5-turbo-0125:personal:pubmed-ft1:9DEzhV1U,gpt-3.5-turbo-0125,1082501239,"Hyperparameters(n_epochs=3, batch_size=1, learning_rate_multiplier=8)"
97,0.0,1.0,,,ft:gpt-3.5-turbo-0125:personal:pubmed-ft1:9DEzhV1U,gpt-3.5-turbo-0125,1082501239,"Hyperparameters(n_epochs=3, batch_size=1, learning_rate_multiplier=8)"
98,0.00419,1.0,,,ft:gpt-3.5-turbo-0125:personal:pubmed-ft1:9DEzhV1U,gpt-3.5-turbo-0125,1082501239,"Hyperparameters(n_epochs=3, batch_size=1, learning_rate_multiplier=8)"
99,0.00016,1.0,,,ft:gpt-3.5-turbo-0125:personal:pubmed-ft1:9DEzhV1U,gpt-3.5-turbo-0125,1082501239,"Hyperparameters(n_epochs=3, batch_size=1, learning_rate_multiplier=8)"
100,0.0,1.0,0.03009,0.97872,ft:gpt-3.5-turbo-0125:personal:pubmed-ft1:9DEzhV1U,gpt-3.5-turbo-0125,1082501239,"Hyperparameters(n_epochs=3, batch_size=1, learning_rate_multiplier=8)"
101,0.00232,1.0,,,ft:gpt-3.5-turbo-0125:personal:pubmed-ft1:9DEzhV1U,gpt-3.5-turbo-0125,1082501239,"Hyperparameters(n_epochs=3, batch_size=1, learning_rate_multiplier=8)"
102,0.16629,0.95862,,,ft:gpt-3.5-turbo-0125:personal:pubmed-ft1:9DEzhV1U,gpt-3.5-turbo-0125,1082501239,"Hyperparameters(n_epochs=3, batch_size=1, learning_rate_multiplier=8)"
103,2e-05,1.0,,,ft:gpt-3.5-turbo-0125:personal:pubmed-ft1:9DEzhV1U,gpt-3.5-turbo-0125,1082501239,"Hyperparameters(n_epochs=3, batch_size=1, learning_rate_multiplier=8)"
104,0.03658,0.9898,,,ft:gpt-3.5-turbo-0125:personal:pubmed-ft1:9DEzhV1U,gpt-3.5-turbo-0125,1082501239,"Hyperparameters(n_epochs=3, batch_size=1, learning_rate_multiplier=8)"
105,0.0,1.0,,,ft:gpt-3.5-turbo-0125:personal:pubmed-ft1:9DEzhV1U,gpt-3.5-turbo-0125,1082501239,"Hyperparameters(n_epochs=3, batch_size=1, learning_rate_multiplier=8)"
106,0.00389,1.0,,,ft:gpt-3.5-turbo-0125:personal:pubmed-ft1:9DEzhV1U,gpt-3.5-turbo-0125,1082501239,"Hyperparameters(n_epochs=3, batch_size=1, learning_rate_multiplier=8)"
107,0.00014,1.0,,,ft:gpt-3.5-turbo-0125:personal:pubmed-ft1:9DEzhV1U,gpt-3.5-turbo-0125,1082501239,"Hyperparameters(n_epochs=3, batch_size=1, learning_rate_multiplier=8)"
108,0.03763,0.98291,,,ft:gpt-3.5-turbo-0125:personal:pubmed-ft1:9DEzhV1U,gpt-3.5-turbo-0125,1082501239,"Hyperparameters(n_epochs=3, batch_size=1, learning_rate_multiplier=8)"
109,0.05306,0.98246,,,ft:gpt-3.5-turbo-0125:personal:pubmed-ft1:9DEzhV1U,gpt-3.5-turbo-0125,1082501239,"Hyperparameters(n_epochs=3, batch_size=1, learning_rate_multiplier=8)"
110,1.14173,0.91111,0.24408,0.95092,ft:gpt-3.5-turbo-0125:personal:pubmed-ft1:9DEzhV1U,gpt-3.5-turbo-0125,1082501239,"Hyperparameters(n_epochs=3, batch_size=1, learning_rate_multiplier=8)"
111,3e-05,1.0,,,ft:gpt-3.5-turbo-0125:personal:pubmed-ft1:9DEzhV1U,gpt-3.5-turbo-0125,1082501239,"Hyperparameters(n_epochs=3, batch_size=1, learning_rate_multiplier=8)"
112,0.0,1.0,,,ft:gpt-3.5-turbo-0125:personal:pubmed-ft1:9DEzhV1U,gpt-3.5-turbo-0125,1082501239,"Hyperparameters(n_epochs=3, batch_size=1, learning_rate_multiplier=8)"
113,0.0,1.0,,,ft:gpt-3.5-turbo-0125:personal:pubmed-ft1:9DEzhV1U,gpt-3.5-turbo-0125,1082501239,"Hyperparameters(n_epochs=3, batch_size=1, learning_rate_multiplier=8)"
114,0.19423,0.96296,,,ft:gpt-3.5-turbo-0125:personal:pubmed-ft1:9DEzhV1U,gpt-3.5-turbo-0125,1082501239,"Hyperparameters(n_epochs=3, batch_size=1, learning_rate_multiplier=8)"
115,0.0,1.0,,,ft:gpt-3.5-turbo-0125:personal:pubmed-ft1:9DEzhV1U,gpt-3.5-turbo-0125,1082501239,"Hyperparameters(n_epochs=3, batch_size=1, learning_rate_multiplier=8)"
116,0.0,1.0,,,ft:gpt-3.5-turbo-0125:personal:pubmed-ft1:9DEzhV1U,gpt-3.5-turbo-0125,1082501239,"Hyperparameters(n_epochs=3, batch_size=1, learning_rate_multiplier=8)"
117,0.00696,1.0,,,ft:gpt-3.5-turbo-0125:personal:pubmed-ft1:9DEzhV1U,gpt-3.5-turbo-0125,1082501239,"Hyperparameters(n_epochs=3, batch_size=1, learning_rate_multiplier=8)"
118,0.0,1.0,,,ft:gpt-3.5-turbo-0125:personal:pubmed-ft1:9DEzhV1U,gpt-3.5-turbo-0125,1082501239,"Hyperparameters(n_epochs=3, batch_size=1, learning_rate_multiplier=8)"
119,0.00269,1.0,,,ft:gpt-3.5-turbo-0125:personal:pubmed-ft1:9DEzhV1U,gpt-3.5-turbo-0125,1082501239,"Hyperparameters(n_epochs=3, batch_size=1, learning_rate_multiplier=8)"
120,1e-05,1.0,0.32452,0.94118,ft:gpt-3.5-turbo-0125:personal:pubmed-ft1:9DEzhV1U,gpt-3.5-turbo-0125,1082501239,"Hyperparameters(n_epochs=3, batch_size=1, learning_rate_multiplier=8)"
121,0.0,1.0,,,ft:gpt-3.5-turbo-0125:personal:pubmed-ft1:9DEzhV1U,gpt-3.5-turbo-0125,1082501239,"Hyperparameters(n_epochs=3, batch_size=1, learning_rate_multiplier=8)"
122,4e-05,1.0,,,ft:gpt-3.5-turbo-0125:personal:pubmed-ft1:9DEzhV1U,gpt-3.5-turbo-0125,1082501239,"Hyperparameters(n_epochs=3, batch_size=1, learning_rate_multiplier=8)"
123,0.0,1.0,,,ft:gpt-3.5-turbo-0125:personal:pubmed-ft1:9DEzhV1U,gpt-3.5-turbo-0125,1082501239,"Hyperparameters(n_epochs=3, batch_size=1, learning_rate_multiplier=8)"
124,0.00763,1.0,,,ft:gpt-3.5-turbo-0125:personal:pubmed-ft1:9DEzhV1U,gpt-3.5-turbo-0125,1082501239,"Hyperparameters(n_epochs=3, batch_size=1, learning_rate_multiplier=8)"
125,0.0,1.0,,,ft:gpt-3.5-turbo-0125:personal:pubmed-ft1:9DEzhV1U,gpt-3.5-turbo-0125,1082501239,"Hyperparameters(n_epochs=3, batch_size=1, learning_rate_multiplier=8)"
126,0.13902,0.97727,,,ft:gpt-3.5-turbo-0125:personal:pubmed-ft1:9DEzhV1U,gpt-3.5-turbo-0125,1082501239,"Hyperparameters(n_epochs=3, batch_size=1, learning_rate_multiplier=8)"
127,0.24758,0.97826,,,ft:gpt-3.5-turbo-0125:personal:pubmed-ft1:9DEzhV1U,gpt-3.5-turbo-0125,1082501239,"Hyperparameters(n_epochs=3, batch_size=1, learning_rate_multiplier=8)"
128,0.06123,0.97778,,,ft:gpt-3.5-turbo-0125:personal:pubmed-ft1:9DEzhV1U,gpt-3.5-turbo-0125,1082501239,"Hyperparameters(n_epochs=3, batch_size=1, learning_rate_multiplier=8)"
129,0.0,1.0,,,ft:gpt-3.5-turbo-0125:personal:pubmed-ft1:9DEzhV1U,gpt-3.5-turbo-0125,1082501239,"Hyperparameters(n_epochs=3, batch_size=1, learning_rate_multiplier=8)"
130,0.10831,0.98235,0.03928,0.99713,ft:gpt-3.5-turbo-0125:personal:pubmed-ft1:9DEzhV1U,gpt-3.5-turbo-0125,1082501239,"Hyperparameters(n_epochs=3, batch_size=1, learning_rate_multiplier=8)"
131,0.0,1.0,,,ft:gpt-3.5-turbo-0125:personal:pubmed-ft1:9DEzhV1U,gpt-3.5-turbo-0125,1082501239,"Hyperparameters(n_epochs=3, batch_size=1, learning_rate_multiplier=8)"
132,0.0,1.0,,,ft:gpt-3.5-turbo-0125:personal:pubmed-ft1:9DEzhV1U,gpt-3.5-turbo-0125,1082501239,"Hyperparameters(n_epochs=3, batch_size=1, learning_rate_multiplier=8)"
133,0.0,1.0,,,ft:gpt-3.5-turbo-0125:personal:pubmed-ft1:9DEzhV1U,gpt-3.5-turbo-0125,1082501239,"Hyperparameters(n_epochs=3, batch_size=1, learning_rate_multiplier=8)"
134,0.0,1.0,,,ft:gpt-3.5-turbo-0125:personal:pubmed-ft1:9DEzhV1U,gpt-3.5-turbo-0125,1082501239,"Hyperparameters(n_epochs=3, batch_size=1, learning_rate_multiplier=8)"
135,0.08058,0.98795,,,ft:gpt-3.5-turbo-0125:personal:pubmed-ft1:9DEzhV1U,gpt-3.5-turbo-0125,1082501239,"Hyperparameters(n_epochs=3, batch_size=1, learning_rate_multiplier=8)"
136,0.40583,0.98113,,,ft:gpt-3.5-turbo-0125:personal:pubmed-ft1:9DEzhV1U,gpt-3.5-turbo-0125,1082501239,"Hyperparameters(n_epochs=3, batch_size=1, learning_rate_multiplier=8)"
137,0.0,1.0,,,ft:gpt-3.5-turbo-0125:personal:pubmed-ft1:9DEzhV1U,gpt-3.5-turbo-0125,1082501239,"Hyperparameters(n_epochs=3, batch_size=1, learning_rate_multiplier=8)"
138,0.0,1.0,,,ft:gpt-3.5-turbo-0125:personal:pubmed-ft1:9DEzhV1U,gpt-3.5-turbo-0125,1082501239,"Hyperparameters(n_epochs=3, batch_size=1, learning_rate_multiplier=8)"
139,0.0,1.0,,,ft:gpt-3.5-turbo-0125:personal:pubmed-ft1:9DEzhV1U,gpt-3.5-turbo-0125,1082501239,"Hyperparameters(n_epochs=3, batch_size=1, learning_rate_multiplier=8)"
140,0.0,1.0,0.0,1.0,ft:gpt-3.5-turbo-0125:personal:pubmed-ft1:9DEzhV1U,gpt-3.5-turbo-0125,1082501239,"Hyperparameters(n_epochs=3, batch_size=1, learning_rate_multiplier=8)"
141,0.0,1.0,,,ft:gpt-3.5-turbo-0125:personal:pubmed-ft1:9DEzhV1U,gpt-3.5-turbo-0125,1082501239,"Hyperparameters(n_epochs=3, batch_size=1, learning_rate_multiplier=8)"
142,0.0,1.0,,,ft:gpt-3.5-turbo-0125:personal:pubmed-ft1:9DEzhV1U,gpt-3.5-turbo-0125,1082501239,"Hyperparameters(n_epochs=3, batch_size=1, learning_rate_multiplier=8)"
143,0.08422,0.97959,,,ft:gpt-3.5-turbo-0125:personal:pubmed-ft1:9DEzhV1U,gpt-3.5-turbo-0125,1082501239,"Hyperparameters(n_epochs=3, batch_size=1, learning_rate_multiplier=8)"
144,0.0,1.0,,,ft:gpt-3.5-turbo-0125:personal:pubmed-ft1:9DEzhV1U,gpt-3.5-turbo-0125,1082501239,"Hyperparameters(n_epochs=3, batch_size=1, learning_rate_multiplier=8)"
145,0.31176,0.96923,,,ft:gpt-3.5-turbo-0125:personal:pubmed-ft1:9DEzhV1U,gpt-3.5-turbo-0125,1082501239,"Hyperparameters(n_epochs=3, batch_size=1, learning_rate_multiplier=8)"
146,0.09431,0.96226,,,ft:gpt-3.5-turbo-0125:personal:pubmed-ft1:9DEzhV1U,gpt-3.5-turbo-0125,1082501239,"Hyperparameters(n_epochs=3, batch_size=1, learning_rate_multiplier=8)"
147,0.0,1.0,,,ft:gpt-3.5-turbo-0125:personal:pubmed-ft1:9DEzhV1U,gpt-3.5-turbo-0125,1082501239,"Hyperparameters(n_epochs=3, batch_size=1, learning_rate_multiplier=8)"
148,0.0,1.0,,,ft:gpt-3.5-turbo-0125:personal:pubmed-ft1:9DEzhV1U,gpt-3.5-turbo-0125,1082501239,"Hyperparameters(n_epochs=3, batch_size=1, learning_rate_multiplier=8)"
149,0.10564,0.98,,,ft:gpt-3.5-turbo-0125:personal:pubmed-ft1:9DEzhV1U,gpt-3.5-turbo-0125,1082501239,"Hyperparameters(n_epochs=3, batch_size=1, learning_rate_multiplier=8)"
150,0.0,1.0,0.00159,1.0,ft:gpt-3.5-turbo-0125:personal:pubmed-ft1:9DEzhV1U,gpt-3.5-turbo-0125,1082501239,"Hyperparameters(n_epochs=3, batch_size=1, learning_rate_multiplier=8)"
151,0.16625,0.9759,,,ft:gpt-3.5-turbo-0125:personal:pubmed-ft1:9DEzhV1U,gpt-3.5-turbo-0125,1082501239,"Hyperparameters(n_epochs=3, batch_size=1, learning_rate_multiplier=8)"
152,0.00092,1.0,,,ft:gpt-3.5-turbo-0125:personal:pubmed-ft1:9DEzhV1U,gpt-3.5-turbo-0125,1082501239,"Hyperparameters(n_epochs=3, batch_size=1, learning_rate_multiplier=8)"
153,0.0,1.0,,,ft:gpt-3.5-turbo-0125:personal:pubmed-ft1:9DEzhV1U,gpt-3.5-turbo-0125,1082501239,"Hyperparameters(n_epochs=3, batch_size=1, learning_rate_multiplier=8)"
154,0.00011,1.0,,,ft:gpt-3.5-turbo-0125:personal:pubmed-ft1:9DEzhV1U,gpt-3.5-turbo-0125,1082501239,"Hyperparameters(n_epochs=3, batch_size=1, learning_rate_multiplier=8)"
155,0.0,1.0,,,ft:gpt-3.5-turbo-0125:personal:pubmed-ft1:9DEzhV1U,gpt-3.5-turbo-0125,1082501239,"Hyperparameters(n_epochs=3, batch_size=1, learning_rate_multiplier=8)"
156,0.0,1.0,,,ft:gpt-3.5-turbo-0125:personal:pubmed-ft1:9DEzhV1U,gpt-3.5-turbo-0125,1082501239,"Hyperparameters(n_epochs=3, batch_size=1, learning_rate_multiplier=8)"
157,0.04385,0.9931,,,ft:gpt-3.5-turbo-0125:personal:pubmed-ft1:9DEzhV1U,gpt-3.5-turbo-0125,1082501239,"Hyperparameters(n_epochs=3, batch_size=1, learning_rate_multiplier=8)"
158,0.0,1.0,,,ft:gpt-3.5-turbo-0125:personal:pubmed-ft1:9DEzhV1U,gpt-3.5-turbo-0125,1082501239,"Hyperparameters(n_epochs=3, batch_size=1, learning_rate_multiplier=8)"
159,0.84094,0.95,,,ft:gpt-3.5-turbo-0125:personal:pubmed-ft1:9DEzhV1U,gpt-3.5-turbo-0125,1082501239,"Hyperparameters(n_epochs=3, batch_size=1, learning_rate_multiplier=8)"
160,0.0,1.0,0.0,1.0,ft:gpt-3.5-turbo-0125:personal:pubmed-ft1:9DEzhV1U,gpt-3.5-turbo-0125,1082501239,"Hyperparameters(n_epochs=3, batch_size=1, learning_rate_multiplier=8)"
161,0.12385,0.97727,,,ft:gpt-3.5-turbo-0125:personal:pubmed-ft1:9DEzhV1U,gpt-3.5-turbo-0125,1082501239,"Hyperparameters(n_epochs=3, batch_size=1, learning_rate_multiplier=8)"
162,0.0,1.0,,,ft:gpt-3.5-turbo-0125:personal:pubmed-ft1:9DEzhV1U,gpt-3.5-turbo-0125,1082501239,"Hyperparameters(n_epochs=3, batch_size=1, learning_rate_multiplier=8)"
163,0.00413,1.0,,,ft:gpt-3.5-turbo-0125:personal:pubmed-ft1:9DEzhV1U,gpt-3.5-turbo-0125,1082501239,"Hyperparameters(n_epochs=3, batch_size=1, learning_rate_multiplier=8)"
164,0.05702,0.98851,,,ft:gpt-3.5-turbo-0125:personal:pubmed-ft1:9DEzhV1U,gpt-3.5-turbo-0125,1082501239,"Hyperparameters(n_epochs=3, batch_size=1, learning_rate_multiplier=8)"
165,0.0,1.0,,,ft:gpt-3.5-turbo-0125:personal:pubmed-ft1:9DEzhV1U,gpt-3.5-turbo-0125,1082501239,"Hyperparameters(n_epochs=3, batch_size=1, learning_rate_multiplier=8)"
166,0.0,1.0,,,ft:gpt-3.5-turbo-0125:personal:pubmed-ft1:9DEzhV1U,gpt-3.5-turbo-0125,1082501239,"Hyperparameters(n_epochs=3, batch_size=1, learning_rate_multiplier=8)"
167,0.13386,0.97647,,,ft:gpt-3.5-turbo-0125:personal:pubmed-ft1:9DEzhV1U,gpt-3.5-turbo-0125,1082501239,"Hyperparameters(n_epochs=3, batch_size=1, learning_rate_multiplier=8)"
168,0.0,1.0,,,ft:gpt-3.5-turbo-0125:personal:pubmed-ft1:9DEzhV1U,gpt-3.5-turbo-0125,1082501239,"Hyperparameters(n_epochs=3, batch_size=1, learning_rate_multiplier=8)"
169,0.06039,0.98565,,,ft:gpt-3.5-turbo-0125:personal:pubmed-ft1:9DEzhV1U,gpt-3.5-turbo-0125,1082501239,"Hyperparameters(n_epochs=3, batch_size=1, learning_rate_multiplier=8)"
170,1e-05,1.0,0.44724,0.95506,ft:gpt-3.5-turbo-0125:personal:pubmed-ft1:9DEzhV1U,gpt-3.5-turbo-0125,1082501239,"Hyperparameters(n_epochs=3, batch_size=1, learning_rate_multiplier=8)"
171,0.15654,0.98662,,,ft:gpt-3.5-turbo-0125:personal:pubmed-ft1:9DEzhV1U,gpt-3.5-turbo-0125,1082501239,"Hyperparameters(n_epochs=3, batch_size=1, learning_rate_multiplier=8)"
